{
  "controller/View2.controller.js": 1745992686652,
  "controller/View1.controller.js": 1744800555262,
  "controller/View3.controller.js": 1745301814598,
  "i18n/i18n.properties": 1744794328067,
  "model/models.js": 1744794311627,
  "controller/App.controller.js": 1744794541764,
  "manifest.json": 1745992709118,
  "Component.js": 1744794311619,
  "Component-dbg.js": 1744794311619,
  "Component.js.map": 1745992709273,
  "controller/View3-dbg.controller.js": 1745301814598,
  "controller/View3.controller.js.map": 1745992709283,
  "controller/View2-dbg.controller.js": 1745992686652,
  "controller/View2.controller.js.map": 1745992709295,
  "model/models-dbg.js": 1744794311627,
  "model/models.js.map": 1745992709272,
  "controller/App-dbg.controller.js": 1744794541764,
  "controller/App.controller.js.map": 1745992709284,
  "controller/View1-dbg.controller.js": 1744800555262,
  "controller/View1.controller.js.map": 1745992709283,
  "Component-preload.js": 1745992709498,
  "Component-preload.js.map": 1745992709498,
  "view/View3.view.xml": 1745299238415,
  "view/View2.view.xml": 1745403045496,
  "view/View1.view.xml": 1745299134927,
  "view/App.view.xml": 1744795473446,
  "css/style.css": 1745406415530,
  "index.html": 1744794311623
}